ticker,company_name,sector,industry
AOS,A. O. Smith,Industrials,Building Products
ABBV,AbbVie,Health Care,Biotechnology
ABT,Abbott Laboratories,Health Care,Health Care Equipment
ACN,Accenture,Information Technology,IT Consulting & Other Services
MMM,3M,Industrials,Industrial Conglomerates
ADBE,Adobe Inc.,Information Technology,Application Software
AES,AES Corporation,Utilities,Independent Power Producers & Energy Traders
AMD,Advanced Micro Devices,Information Technology,Semiconductors
AFL,Aflac,Financials,Life & Health Insurance
A,Agilent Technologies,Health Care,Life Sciences Tools & Services
ABNB,Airbnb,Consumer Discretionary,"Hotels, Resorts & Cruise Lines"
AKAM,Akamai Technologies,Information Technology,Internet Services & Infrastructure
APD,Air Products,Materials,Industrial Gases
ALB,Albemarle Corporation,Materials,Specialty Chemicals
ARE,Alexandria Real Estate Equities,Real Estate,Office REITs
ALGN,Align Technology,Health Care,Health Care Supplies
ALLE,Allegion,Industrials,Building Products
GOOGL,Alphabet Inc. (Class A),Communication Services,Interactive Media & Services
ALL,Allstate,Financials,Property & Casualty Insurance
LNT,Alliant Energy,Utilities,Electric Utilities
MO,Altria,Consumer Staples,Tobacco
AMZN,Amazon,Consumer Discretionary,Broadline Retail
GOOG,Alphabet Inc. (Class C),Communication Services,Interactive Media & Services
AMCR,Amcor,Materials,Paper & Plastic Packaging Products & Materials
AEE,Ameren,Utilities,Multi-Utilities
AEP,American Electric Power,Utilities,Electric Utilities
AXP,American Express,Financials,Consumer Finance
AIG,American International Group,Financials,Multi-line Insurance
AMT,American Tower,Real Estate,Telecom Tower REITs
AWK,American Water Works,Utilities,Water Utilities
AMP,Ameriprise Financial,Financials,Asset Management & Custody Banks
APH,Amphenol,Information Technology,Electronic Components
AME,Ametek,Industrials,Electrical Components & Equipment
AMGN,Amgen,Health Care,Biotechnology
ADI,Analog Devices,Information Technology,Semiconductors
AON,Aon plc,Financials,Insurance Brokers
AAPL,Apple Inc.,Information Technology,"Technology Hardware, Storage & Peripherals"
APO,Apollo Global Management,Financials,Asset Management & Custody Banks
APA,APA Corporation,Energy,Oil & Gas Exploration & Production
AMAT,Applied Materials,Information Technology,Semiconductor Materials & Equipment
APTV,Aptiv,Consumer Discretionary,Automotive Parts & Equipment
ADM,Archer Daniels Midland,Consumer Staples,Agricultural Products & Services
ACGL,Arch Capital Group,Financials,Property & Casualty Insurance
APP,AppLovin,Information Technology,Application Software
ARES,Ares Management,Financials,Asset Management & Custody Banks
ANET,Arista Networks,Information Technology,Communications Equipment
ATO,Atmos Energy,Utilities,Gas Utilities
AJG,Arthur J. Gallagher & Co.,Financials,Insurance Brokers
T,AT&T,Communication Services,Integrated Telecommunication Services
AIZ,Assurant,Financials,Multi-line Insurance
ADSK,Autodesk,Information Technology,Application Software
AVY,Avery Dennison,Materials,Paper & Plastic Packaging Products & Materials
AVB,AvalonBay Communities,Real Estate,Multi-Family Residential REITs
AZO,AutoZone,Consumer Discretionary,Automotive Retail
ADP,Automatic Data Processing,Industrials,Human Resource & Employment Services
AXON,Axon Enterprise,Industrials,Aerospace & Defense
BALL,Ball Corporation,Materials,"Metal, Glass & Plastic Containers"
BKR,Baker Hughes,Energy,Oil & Gas Equipment & Services
BAX,Baxter International,Health Care,Health Care Equipment
BAC,Bank of America,Financials,Diversified Banks
BDX,Becton Dickinson,Health Care,Health Care Equipment
BRK-B,Berkshire Hathaway,Financials,Multi-Sector Holdings
TECH,Bio-Techne,Health Care,Life Sciences Tools & Services
BIIB,Biogen,Health Care,Biotechnology
BBY,Best Buy,Consumer Discretionary,Computer & Electronics Retail
BK,BNY Mellon,Financials,Asset Management & Custody Banks
BA,Boeing,Industrials,Aerospace & Defense
XYZ,"Block, Inc.",Financials,Transaction & Payment Processing Services
BX,Blackstone Inc.,Financials,Asset Management & Custody Banks
BLK,BlackRock,Financials,Asset Management & Custody Banks
BKNG,Booking Holdings,Consumer Discretionary,"Hotels, Resorts & Cruise Lines"
BMY,Bristol Myers Squibb,Health Care,Pharmaceuticals
AVGO,Broadcom,Information Technology,Semiconductors
BSX,Boston Scientific,Health Care,Health Care Equipment
BR,Broadridge Financial Solutions,Industrials,Data Processing & Outsourced Services
BRO,Brown & Brown,Financials,Insurance Brokers
BF-B,Brown–Forman,Consumer Staples,Distillers & Vintners
BG,Bunge Global,Consumer Staples,Agricultural Products & Services
BLDR,Builders FirstSource,Industrials,Building Products
BXP,"BXP, Inc.",Real Estate,Office REITs
CPB,Campbell's Company (The),Consumer Staples,Packaged Foods & Meats
CPT,Camden Property Trust,Real Estate,Multi-Family Residential REITs
CDNS,Cadence Design Systems,Information Technology,Application Software
CHRW,C.H. Robinson,Industrials,Air Freight & Logistics
COF,Capital One,Financials,Consumer Finance
CCL,Carnival,Consumer Discretionary,"Hotels, Resorts & Cruise Lines"
CVNA,Carvana,Consumer Discretionary,Automotive Retail
CAH,Cardinal Health,Health Care,Health Care Distributors
CAT,Caterpillar Inc.,Industrials,Construction Machinery & Heavy Transportation Equipment
CARR,Carrier Global,Industrials,Building Products
CNC,Centene Corporation,Health Care,Managed Health Care
CBOE,Cboe Global Markets,Financials,Financial Exchanges & Data
CBRE,CBRE Group,Real Estate,Real Estate Services
COR,Cencora,Health Care,Health Care Distributors
CDW,CDW Corporation,Information Technology,Technology Distributors
CNP,CenterPoint Energy,Utilities,Multi-Utilities
SCHW,Charles Schwab Corporation,Financials,Investment Banking & Brokerage
CF,CF Industries,Materials,Fertilizers & Agricultural Chemicals
CRL,Charles River Laboratories,Health Care,Life Sciences Tools & Services
CHTR,Charter Communications,Communication Services,Cable & Satellite
CVX,Chevron Corporation,Energy,Integrated Oil & Gas
CMG,Chipotle Mexican Grill,Consumer Discretionary,Restaurants
CI,Cigna,Health Care,Health Care Services
CB,Chubb Limited,Financials,Property & Casualty Insurance
CHD,Church & Dwight,Consumer Staples,Household Products
CINF,Cincinnati Financial,Financials,Property & Casualty Insurance
CSCO,Cisco,Information Technology,Communications Equipment
CFG,Citizens Financial Group,Financials,Regional Banks
CTAS,Cintas,Industrials,Diversified Support Services
C,Citigroup,Financials,Diversified Banks
CLX,Clorox,Consumer Staples,Household Products
CME,CME Group,Financials,Financial Exchanges & Data
KO,Coca-Cola Company (The),Consumer Staples,Soft Drinks & Non-alcoholic Beverages
CTSH,Cognizant,Information Technology,IT Consulting & Other Services
CMS,CMS Energy,Utilities,Multi-Utilities
COIN,Coinbase,Financials,Financial Exchanges & Data
CMCSA,Comcast,Communication Services,Cable & Satellite
CL,Colgate-Palmolive,Consumer Staples,Household Products
FIX,Comfort Systems USA,Industrials,Construction & Engineering
CAG,Conagra Brands,Consumer Staples,Packaged Foods & Meats
ED,Consolidated Edison,Utilities,Multi-Utilities
STZ,Constellation Brands,Consumer Staples,Distillers & Vintners
COP,ConocoPhillips,Energy,Oil & Gas Exploration & Production
COO,Cooper Companies (The),Health Care,Health Care Supplies
CEG,Constellation Energy,Utilities,Electric Utilities
CPAY,Corpay,Financials,Transaction & Payment Processing Services
CSGP,CoStar Group,Real Estate,Real Estate Services
CPRT,Copart,Industrials,Diversified Support Services
CTVA,Corteva,Materials,Fertilizers & Agricultural Chemicals
GLW,Corning Inc.,Information Technology,Electronic Components
CRWD,CrowdStrike,Information Technology,Systems Software
CRH,CRH plc,Materials,Construction Materials
COST,Costco,Consumer Staples,Consumer Staples Merchandise Retail
CTRA,Coterra,Energy,Oil & Gas Exploration & Production
CCI,Crown Castle,Real Estate,Telecom Tower REITs
CVS,CVS Health,Health Care,Health Care Services
CSX,CSX Corporation,Industrials,Rail Transportation
DHR,Danaher Corporation,Health Care,Life Sciences Tools & Services
CMI,Cummins,Industrials,Construction Machinery & Heavy Transportation Equipment
DRI,Darden Restaurants,Consumer Discretionary,Restaurants
DDOG,Datadog,Information Technology,Application Software
DVA,DaVita,Health Care,Health Care Services
DAY,Dayforce,Industrials,Human Resource & Employment Services
DECK,Deckers Brands,Consumer Discretionary,Footwear
DE,Deere & Company,Industrials,Agricultural & Farm Machinery
DXCM,Dexcom,Health Care,Health Care Equipment
DVN,Devon Energy,Energy,Oil & Gas Exploration & Production
DAL,Delta Air Lines,Industrials,Passenger Airlines
DELL,Dell Technologies,Information Technology,"Technology Hardware, Storage & Peripherals"
FANG,Diamondback Energy,Energy,Oil & Gas Exploration & Production
DLR,Digital Realty,Real Estate,Data Center REITs
DLTR,Dollar Tree,Consumer Staples,Consumer Staples Merchandise Retail
DG,Dollar General,Consumer Staples,Consumer Staples Merchandise Retail
D,Dominion Energy,Utilities,Multi-Utilities
DPZ,Domino's,Consumer Discretionary,Restaurants
DASH,DoorDash,Consumer Discretionary,Specialized Consumer Services
DHI,D. R. Horton,Consumer Discretionary,Homebuilding
DOV,Dover Corporation,Industrials,Industrial Machinery & Supplies & Components
DOW,Dow Inc.,Materials,Commodity Chemicals
DTE,DTE Energy,Utilities,Multi-Utilities
DUK,Duke Energy,Utilities,Electric Utilities
DD,DuPont,Materials,Specialty Chemicals
ETN,Eaton Corporation,Industrials,Electrical Components & Equipment
EBAY,eBay Inc.,Consumer Discretionary,Broadline Retail
ECL,Ecolab,Materials,Specialty Chemicals
EIX,Edison International,Utilities,Electric Utilities
EW,Edwards Lifesciences,Health Care,Health Care Equipment
EA,Electronic Arts,Communication Services,Interactive Home Entertainment
ELV,Elevance Health,Health Care,Managed Health Care
EME,Emcor,Industrials,Construction & Engineering
EMR,Emerson Electric,Industrials,Electrical Components & Equipment
EOG,EOG Resources,Energy,Oil & Gas Exploration & Production
ETR,Entergy,Utilities,Electric Utilities
EPAM,EPAM Systems,Information Technology,IT Consulting & Other Services
EFX,Equifax,Industrials,Research & Consulting Services
EQT,EQT Corporation,Energy,Oil & Gas Exploration & Production
EQR,Equity Residential,Real Estate,Multi-Family Residential REITs
EQIX,Equinix,Real Estate,Data Center REITs
ERIE,Erie Indemnity,Financials,Insurance Brokers
ESS,Essex Property Trust,Real Estate,Multi-Family Residential REITs
EL,Estée Lauder Companies (The),Consumer Staples,Personal Care Products
EVRG,Evergy,Utilities,Electric Utilities
ES,Eversource Energy,Utilities,Electric Utilities
EG,Everest Group,Financials,Reinsurance
EXC,Exelon,Utilities,Electric Utilities
EXE,Expand Energy,Energy,Oil & Gas Exploration & Production
EXPD,Expeditors International,Industrials,Air Freight & Logistics
EXR,Extra Space Storage,Real Estate,Self-Storage REITs
EXPE,Expedia Group,Consumer Discretionary,"Hotels, Resorts & Cruise Lines"
XOM,ExxonMobil,Energy,Integrated Oil & Gas
FICO,Fair Isaac,Information Technology,Application Software
FFIV,"F5, Inc.",Information Technology,Communications Equipment
FAST,Fastenal,Industrials,Trading Companies & Distributors
FDS,FactSet,Financials,Financial Exchanges & Data
FRT,Federal Realty Investment Trust,Real Estate,Retail REITs
FITB,Fifth Third Bancorp,Financials,Regional Banks
FDX,FedEx,Industrials,Air Freight & Logistics
FSLR,First Solar,Information Technology,Semiconductors
FIS,Fidelity National Information Services,Financials,Transaction & Payment Processing Services
FE,FirstEnergy,Utilities,Electric Utilities
FISV,Fiserv,Financials,Transaction & Payment Processing Services
FTNT,Fortinet,Information Technology,Systems Software
F,Ford Motor Company,Consumer Discretionary,Automobile Manufacturers
FTV,Fortive,Industrials,Industrial Machinery & Supplies & Components
FOXA,Fox Corporation (Class A),Communication Services,Broadcasting
FOX,Fox Corporation (Class B),Communication Services,Broadcasting
BEN,Franklin Resources,Financials,Asset Management & Custody Banks
FCX,Freeport-McMoRan,Materials,Copper
GRMN,Garmin,Consumer Discretionary,Consumer Electronics
IT,Gartner,Information Technology,IT Consulting & Other Services
GE,GE Aerospace,Industrials,Aerospace & Defense
GEHC,GE HealthCare,Health Care,Health Care Equipment
GEN,Gen Digital,Information Technology,Systems Software
GEV,GE Vernova,Industrials,Heavy Electrical Equipment
GD,General Dynamics,Industrials,Aerospace & Defense
GNRC,Generac,Industrials,Electrical Components & Equipment
GM,General Motors,Consumer Discretionary,Automobile Manufacturers
GPC,Genuine Parts Company,Consumer Discretionary,Distributors
GIS,General Mills,Consumer Staples,Packaged Foods & Meats
GILD,Gilead Sciences,Health Care,Biotechnology
GL,Globe Life,Financials,Life & Health Insurance
GPN,Global Payments,Financials,Transaction & Payment Processing Services
GDDY,GoDaddy,Information Technology,Internet Services & Infrastructure
GS,Goldman Sachs,Financials,Investment Banking & Brokerage
HAL,Halliburton,Energy,Oil & Gas Equipment & Services
HAS,Hasbro,Consumer Discretionary,Leisure Products
HCA,HCA Healthcare,Health Care,Health Care Facilities
HIG,Hartford (The),Financials,Property & Casualty Insurance
DOC,Healthpeak Properties,Real Estate,Health Care REITs
HPE,Hewlett Packard Enterprise,Information Technology,"Technology Hardware, Storage & Peripherals"
HSIC,Henry Schein,Health Care,Health Care Distributors
HSY,Hershey Company (The),Consumer Staples,Packaged Foods & Meats
HOLX,Hologic,Health Care,Health Care Equipment
HLT,Hilton Worldwide,Consumer Discretionary,"Hotels, Resorts & Cruise Lines"
HST,Host Hotels & Resorts,Real Estate,Hotel & Resort REITs
HRL,Hormel Foods,Consumer Staples,Packaged Foods & Meats
HWM,Howmet Aerospace,Industrials,Aerospace & Defense
HD,Home Depot (The),Consumer Discretionary,Home Improvement Retail
HON,Honeywell,Industrials,Industrial Conglomerates
HUM,Humana,Health Care,Managed Health Care
HPQ,HP Inc.,Information Technology,"Technology Hardware, Storage & Peripherals"
HBAN,Huntington Bancshares,Financials,Regional Banks
HII,Huntington Ingalls Industries,Industrials,Aerospace & Defense
HUBB,Hubbell Incorporated,Industrials,Industrial Machinery & Supplies & Components
IBM,IBM,Information Technology,IT Consulting & Other Services
IDXX,Idexx Laboratories,Health Care,Health Care Equipment
IEX,IDEX Corporation,Industrials,Industrial Machinery & Supplies & Components
ITW,Illinois Tool Works,Industrials,Industrial Machinery & Supplies & Components
INCY,Incyte,Health Care,Biotechnology
IR,Ingersoll Rand,Industrials,Industrial Machinery & Supplies & Components
PODD,Insulet Corporation,Health Care,Health Care Equipment
IBKR,Interactive Brokers,Financials,Investment Banking & Brokerage
INTC,Intel,Information Technology,Semiconductors
ICE,Intercontinental Exchange,Financials,Financial Exchanges & Data
IFF,International Flavors & Fragrances,Materials,Specialty Chemicals
INTU,Intuit,Information Technology,Application Software
ISRG,Intuitive Surgical,Health Care,Health Care Equipment
IVZ,Invesco,Financials,Asset Management & Custody Banks
IP,International Paper,Materials,Paper & Plastic Packaging Products & Materials
INVH,Invitation Homes,Real Estate,Single-Family Residential REITs
IQV,IQVIA,Health Care,Life Sciences Tools & Services
JBHT,J.B. Hunt,Industrials,Cargo Ground Transportation
JBL,Jabil,Information Technology,Electronic Manufacturing Services
IRM,Iron Mountain,Real Estate,Other Specialized REITs
JNJ,Johnson & Johnson,Health Care,Pharmaceuticals
JCI,Johnson Controls,Industrials,Building Products
J,Jacobs Solutions,Industrials,Construction & Engineering
JKHY,Jack Henry & Associates,Financials,Transaction & Payment Processing Services
JPM,JPMorgan Chase,Financials,Diversified Banks
KEYS,Keysight Technologies,Information Technology,Electronic Equipment & Instruments
KEY,KeyCorp,Financials,Regional Banks
KMB,Kimberly-Clark,Consumer Staples,Household Products
KVUE,Kenvue,Consumer Staples,Personal Care Products
KDP,Keurig Dr Pepper,Consumer Staples,Soft Drinks & Non-alcoholic Beverages
KMI,Kinder Morgan,Energy,Oil & Gas Storage & Transportation
KKR,KKR & Co.,Financials,Asset Management & Custody Banks
KIM,Kimco Realty,Real Estate,Retail REITs
KLAC,KLA Corporation,Information Technology,Semiconductor Materials & Equipment
KHC,Kraft Heinz,Consumer Staples,Packaged Foods & Meats
LH,Labcorp,Health Care,Health Care Services
LHX,L3Harris,Industrials,Aerospace & Defense
KR,Kroger,Consumer Staples,Food Retail
LRCX,Lam Research,Information Technology,Semiconductor Materials & Equipment
LW,Lamb Weston,Consumer Staples,Packaged Foods & Meats
LLY,Lilly (Eli),Health Care,Pharmaceuticals
LEN,Lennar,Consumer Discretionary,Homebuilding
LDOS,Leidos,Industrials,Diversified Support Services
LII,Lennox International,Industrials,Building Products
LVS,Las Vegas Sands,Consumer Discretionary,Casinos & Gaming
LMT,Lockheed Martin,Industrials,Aerospace & Defense
LYV,Live Nation Entertainment,Communication Services,Movies & Entertainment
L,Loews Corporation,Financials,Multi-line Insurance
LIN,Linde plc,Materials,Industrial Gases
LOW,Lowe's,Consumer Discretionary,Home Improvement Retail
LYB,LyondellBasell,Materials,Specialty Chemicals
LULU,Lululemon Athletica,Consumer Discretionary,"Apparel, Accessories & Luxury Goods"
MTB,M&T Bank,Financials,Regional Banks
MPC,Marathon Petroleum,Energy,Oil & Gas Refining & Marketing
MAR,Marriott International,Consumer Discretionary,"Hotels, Resorts & Cruise Lines"
MMC,Marsh McLennan,Financials,Insurance Brokers
MAS,Masco,Industrials,Building Products
MTCH,Match Group,Communication Services,Interactive Media & Services
MA,Mastercard,Financials,Transaction & Payment Processing Services
MLM,Martin Marietta Materials,Materials,Construction Materials
MRK,Merck & Co.,Health Care,Pharmaceuticals
MCD,McDonald's,Consumer Discretionary,Restaurants
MCK,McKesson Corporation,Health Care,Health Care Distributors
MDT,Medtronic,Health Care,Health Care Equipment
MKC,McCormick & Company,Consumer Staples,Packaged Foods & Meats
META,Meta Platforms,Communication Services,Interactive Media & Services
MCHP,Microchip Technology,Information Technology,Semiconductors
MTD,Mettler Toledo,Health Care,Life Sciences Tools & Services
MET,MetLife,Financials,Life & Health Insurance
MGM,MGM Resorts,Consumer Discretionary,Casinos & Gaming
MOH,Molina Healthcare,Health Care,Managed Health Care
MU,Micron Technology,Information Technology,Semiconductors
MAA,Mid-America Apartment Communities,Real Estate,Multi-Family Residential REITs
MRNA,Moderna,Health Care,Biotechnology
MSFT,Microsoft,Information Technology,Systems Software
TAP,Molson Coors Beverage Company,Consumer Staples,Brewers
MCO,Moody's Corporation,Financials,Financial Exchanges & Data
MPWR,Monolithic Power Systems,Information Technology,Semiconductors
MDLZ,Mondelez International,Consumer Staples,Packaged Foods & Meats
MNST,Monster Beverage,Consumer Staples,Soft Drinks & Non-alcoholic Beverages
MOS,Mosaic Company (The),Materials,Fertilizers & Agricultural Chemicals
MS,Morgan Stanley,Financials,Investment Banking & Brokerage
MSCI,MSCI Inc.,Financials,Financial Exchanges & Data
MSI,Motorola Solutions,Information Technology,Communications Equipment
NDAQ,"Nasdaq, Inc.",Financials,Financial Exchanges & Data
NEM,Newmont,Materials,Gold
NFLX,Netflix,Communication Services,Movies & Entertainment
NTAP,NetApp,Information Technology,"Technology Hardware, Storage & Peripherals"
NWSA,News Corp (Class A),Communication Services,Publishing
NWS,News Corp (Class B),Communication Services,Publishing
NEE,NextEra Energy,Utilities,Multi-Utilities
NSC,Norfolk Southern,Industrials,Rail Transportation
NI,NiSource,Utilities,Multi-Utilities
NDSN,Nordson Corporation,Industrials,Industrial Machinery & Supplies & Components
NKE,"Nike, Inc.",Consumer Discretionary,"Apparel, Accessories & Luxury Goods"
NCLH,Norwegian Cruise Line Holdings,Consumer Discretionary,"Hotels, Resorts & Cruise Lines"
NUE,Nucor,Materials,Steel
NRG,NRG Energy,Utilities,Independent Power Producers & Energy Traders
NOC,Northrop Grumman,Industrials,Aerospace & Defense
NTRS,Northern Trust,Financials,Asset Management & Custody Banks
NVDA,Nvidia,Information Technology,Semiconductors
NXPI,NXP Semiconductors,Information Technology,Semiconductors
ORLY,O’Reilly Automotive,Consumer Discretionary,Automotive Retail
OXY,Occidental Petroleum,Energy,Oil & Gas Exploration & Production
NVR,"NVR, Inc.",Consumer Discretionary,Homebuilding
ODFL,Old Dominion,Industrials,Cargo Ground Transportation
OMC,Omnicom Group,Communication Services,Advertising
ON,ON Semiconductor,Information Technology,Semiconductors
OKE,Oneok,Energy,Oil & Gas Storage & Transportation
ORCL,Oracle Corporation,Information Technology,Application Software
OTIS,Otis Worldwide,Industrials,Industrial Machinery & Supplies & Components
PCAR,Paccar,Industrials,Construction Machinery & Heavy Transportation Equipment
PANW,Palo Alto Networks,Information Technology,Systems Software
PKG,Packaging Corporation of America,Materials,Paper & Plastic Packaging Products & Materials
PLTR,Palantir Technologies,Information Technology,Application Software
PH,Parker Hannifin,Industrials,Industrial Machinery & Supplies & Components
PSKY,Paramount Skydance Corporation,Communication Services,Movies & Entertainment
PAYX,Paychex,Industrials,Human Resource & Employment Services
PAYC,Paycom,Industrials,Human Resource & Employment Services
PYPL,PayPal,Financials,Transaction & Payment Processing Services
PNR,Pentair,Industrials,Industrial Machinery & Supplies & Components
PEP,PepsiCo,Consumer Staples,Soft Drinks & Non-alcoholic Beverages
PFE,Pfizer,Health Care,Pharmaceuticals
PM,Philip Morris International,Consumer Staples,Tobacco
PCG,PG&E Corporation,Utilities,Multi-Utilities
PSX,Phillips 66,Energy,Oil & Gas Refining & Marketing
PNW,Pinnacle West Capital,Utilities,Multi-Utilities
PNC,PNC Financial Services,Financials,Diversified Banks
PPG,PPG Industries,Materials,Specialty Chemicals
POOL,Pool Corporation,Consumer Discretionary,Distributors
PPL,PPL Corporation,Utilities,Electric Utilities
PGR,Progressive Corporation,Financials,Property & Casualty Insurance
PLD,Prologis,Real Estate,Industrial REITs
PG,Procter & Gamble,Consumer Staples,Personal Care Products
PFG,Principal Financial Group,Financials,Life & Health Insurance
PRU,Prudential Financial,Financials,Life & Health Insurance
PTC,PTC Inc.,Information Technology,Application Software
PSA,Public Storage,Real Estate,Self-Storage REITs
PWR,Quanta Services,Industrials,Construction & Engineering
PEG,Public Service Enterprise Group,Utilities,Electric Utilities
PHM,PulteGroup,Consumer Discretionary,Homebuilding
QCOM,Qualcomm,Information Technology,Semiconductors
RL,Ralph Lauren Corporation,Consumer Discretionary,"Apparel, Accessories & Luxury Goods"
RJF,Raymond James Financial,Financials,Investment Banking & Brokerage
Q,Qnity Electronics,Information Technology,Semiconductor Materials & Equipment
DGX,Quest Diagnostics,Health Care,Health Care Services
O,Realty Income,Real Estate,Retail REITs
RTX,RTX Corporation,Industrials,Aerospace & Defense
REG,Regency Centers,Real Estate,Retail REITs
RF,Regions Financial Corporation,Financials,Regional Banks
REGN,Regeneron Pharmaceuticals,Health Care,Biotechnology
HOOD,Robinhood Markets,Financials,Investment Banking & Brokerage
ROK,Rockwell Automation,Industrials,Electrical Components & Equipment
RVTY,Revvity,Health Care,Health Care Equipment
RSG,Republic Services,Industrials,Environmental & Facilities Services
RMD,ResMed,Health Care,Health Care Equipment
ROP,Roper Technologies,Information Technology,Electronic Equipment & Instruments
ROST,Ross Stores,Consumer Discretionary,Apparel Retail
ROL,"Rollins, Inc.",Industrials,Environmental & Facilities Services
RCL,Royal Caribbean Group,Consumer Discretionary,"Hotels, Resorts & Cruise Lines"
SPGI,S&P Global,Financials,Financial Exchanges & Data
SBAC,SBA Communications,Real Estate,Telecom Tower REITs
CRM,Salesforce,Information Technology,Application Software
SLB,Schlumberger,Energy,Oil & Gas Equipment & Services
SNDK,Sandisk,Information Technology,"Technology Hardware, Storage & Peripherals"
STX,Seagate Technology,Information Technology,"Technology Hardware, Storage & Peripherals"
NOW,ServiceNow,Information Technology,Systems Software
SPG,Simon Property Group,Real Estate,Retail REITs
SHW,Sherwin-Williams,Materials,Specialty Chemicals
SRE,Sempra,Utilities,Multi-Utilities
SWKS,Skyworks Solutions,Information Technology,Semiconductors
SW,Smurfit Westrock,Materials,Paper & Plastic Packaging Products & Materials
SOLV,Solventum,Health Care,Health Care Technology
SNA,Snap-on,Industrials,Industrial Machinery & Supplies & Components
SJM,J.M. Smucker Company (The),Consumer Staples,Packaged Foods & Meats
SO,Southern Company,Utilities,Electric Utilities
SWK,Stanley Black & Decker,Industrials,Industrial Machinery & Supplies & Components
LUV,Southwest Airlines,Industrials,Passenger Airlines
SBUX,Starbucks,Consumer Discretionary,Restaurants
STLD,Steel Dynamics,Materials,Steel
STT,State Street Corporation,Financials,Asset Management & Custody Banks
STE,Steris,Health Care,Health Care Equipment
SMCI,Supermicro,Information Technology,"Technology Hardware, Storage & Peripherals"
SYK,Stryker Corporation,Health Care,Health Care Equipment
SNPS,Synopsys,Information Technology,Application Software
SYF,Synchrony Financial,Financials,Consumer Finance
SYY,Sysco,Consumer Staples,Food Distributors
TMUS,T-Mobile US,Communication Services,Wireless Telecommunication Services
TPR,"Tapestry, Inc.",Consumer Discretionary,"Apparel, Accessories & Luxury Goods"
TTWO,Take-Two Interactive,Communication Services,Interactive Home Entertainment
TROW,T. Rowe Price,Financials,Asset Management & Custody Banks
TRGP,Targa Resources,Energy,Oil & Gas Storage & Transportation
TDY,Teledyne Technologies,Information Technology,Electronic Equipment & Instruments
TER,Teradyne,Information Technology,Semiconductor Materials & Equipment
TEL,TE Connectivity,Information Technology,Electronic Manufacturing Services
TGT,Target Corporation,Consumer Staples,Consumer Staples Merchandise Retail
TSLA,"Tesla, Inc.",Consumer Discretionary,Automobile Manufacturers
TXT,Textron,Industrials,Aerospace & Defense
TXN,Texas Instruments,Information Technology,Semiconductors
TMO,Thermo Fisher Scientific,Health Care,Life Sciences Tools & Services
TPL,Texas Pacific Land Corporation,Energy,Oil & Gas Exploration & Production
TJX,TJX Companies,Consumer Discretionary,Apparel Retail
TSCO,Tractor Supply,Consumer Discretionary,Other Specialty Retail
TKO,TKO Group Holdings,Communication Services,Movies & Entertainment
TTD,Trade Desk (The),Communication Services,Advertising
TT,Trane Technologies,Industrials,Building Products
TRV,Travelers Companies (The),Financials,Property & Casualty Insurance
TDG,TransDigm Group,Industrials,Aerospace & Defense
TYL,Tyler Technologies,Information Technology,Application Software
TRMB,Trimble Inc.,Information Technology,Electronic Equipment & Instruments
TFC,Truist Financial,Financials,Diversified Banks
UBER,Uber,Industrials,Passenger Ground Transportation
TSN,Tyson Foods,Consumer Staples,Packaged Foods & Meats
USB,U.S. Bancorp,Financials,Diversified Banks
UDR,"UDR, Inc.",Real Estate,Multi-Family Residential REITs
ULTA,Ulta Beauty,Consumer Discretionary,Other Specialty Retail
UAL,United Airlines Holdings,Industrials,Passenger Airlines
UNP,Union Pacific Corporation,Industrials,Rail Transportation
URI,United Rentals,Industrials,Trading Companies & Distributors
UPS,United Parcel Service,Industrials,Air Freight & Logistics
UNH,UnitedHealth Group,Health Care,Managed Health Care
UHS,Universal Health Services,Health Care,Health Care Facilities
VLO,Valero Energy,Energy,Oil & Gas Refining & Marketing
VTR,Ventas,Real Estate,Health Care REITs
VLTO,Veralto,Industrials,Environmental & Facilities Services
VRSN,Verisign,Information Technology,Internet Services & Infrastructure
VZ,Verizon,Communication Services,Integrated Telecommunication Services
VRSK,Verisk Analytics,Industrials,Research & Consulting Services
VTRS,Viatris,Health Care,Pharmaceuticals
VRTX,Vertex Pharmaceuticals,Health Care,Biotechnology
VICI,Vici Properties,Real Estate,Hotel & Resort REITs
VST,Vistra Corp.,Utilities,Electric Utilities
V,Visa Inc.,Financials,Transaction & Payment Processing Services
VMC,Vulcan Materials Company,Materials,Construction Materials
WRB,W. R. Berkley Corporation,Financials,Property & Casualty Insurance
WMT,Walmart,Consumer Staples,Consumer Staples Merchandise Retail
WBD,Warner Bros. Discovery,Communication Services,Broadcasting
GWW,W. W. Grainger,Industrials,Industrial Machinery & Supplies & Components
DIS,Walt Disney Company (The),Communication Services,Movies & Entertainment
WAB,Wabtec,Industrials,Construction Machinery & Heavy Transportation Equipment
WM,Waste Management,Industrials,Environmental & Facilities Services
WEC,WEC Energy Group,Utilities,Electric Utilities
WFC,Wells Fargo,Financials,Diversified Banks
WAT,Waters Corporation,Health Care,Life Sciences Tools & Services
WELL,Welltower,Real Estate,Health Care REITs
WST,West Pharmaceutical Services,Health Care,Health Care Supplies
WDC,Western Digital,Information Technology,"Technology Hardware, Storage & Peripherals"
WMB,Williams Companies,Energy,Oil & Gas Storage & Transportation
WY,Weyerhaeuser,Real Estate,Timber REITs
WSM,"Williams-Sonoma, Inc.",Consumer Discretionary,Homefurnishing Retail
WDAY,"Workday, Inc.",Information Technology,Application Software
WYNN,Wynn Resorts,Consumer Discretionary,Casinos & Gaming
XYL,Xylem Inc.,Industrials,Industrial Machinery & Supplies & Components
WTW,Willis Towers Watson,Financials,Insurance Brokers
XEL,Xcel Energy,Utilities,Multi-Utilities
ZBH,Zimmer Biomet,Health Care,Health Care Equipment
ZTS,Zoetis,Health Care,Pharmaceuticals
ZBRA,Zebra Technologies,Information Technology,Electronic Equipment & Instruments
YUM,Yum! Brands,Consumer Discretionary,Restaurants
